freelancer_id,name,gender_id,country_id,language_id,primary_skill_id,years_of_experience,hourly_rate_usd,rating,client_satisfaction,is_active
FL250001,Ms. Nicole Kidd,1,1,1,1,11.0,100.0,,,False
FL250002,Vanessa Garcia,1,2,2,2,34.0,100.0,3.3,84.0,True
FL250003,Juan Nelson,2,3,3,3,31.0,50.0,0.0,71.0,False
FL250004,Amanda Spencer,1,2,2,4,4.0,40.0,1.5,90.0,False
FL250005,Lynn Curtis DDS,1,3,3,4,27.0,30.0,4.8,83.0,False
FL250006,Lisa Johnson,1,4,4,5,14.0,30.0,2.4,,False
FL250007,Eric Myers,2,5,5,6,10.0,75.0,3.1,94.0,False
FL250008,Ricky Graham,2,1,1,1,14.0,40.0,4.6,94.0,False
FL250009,Sean Martin,2,6,2,1,4.0,,4.0,76.0,True
FL250010,Matthew Lloyd,2,7,6,5,22.0,50.0,,,True
FL250011,Gavin Randall,2,8,2,6,17.0,40.0,3.6,77.0,True
FL250012,Michelle Curtis,1,9,7,7,15.0,,,86.0,True
FL250013,Alice Schneider,1,8,2,8,18.0,,2.0,86.0,False
FL250014,Phillip Shelton,2,9,7,3,20.0,75.0,2.9,93.0,True
FL250015,Edward Ferguson,2,3,3,6,22.0,75.0,3.7,70.0,True
FL250016,Wyatt Stout,2,10,8,6,0.0,30.0,1.2,69.0,False
FL250017,Laura Johnson,1,2,2,9,13.0,30.0,2.5,60.0,False
FL250018,Scott Burns,2,11,9,1,0.0,,,87.0,True
FL250019,Tyler Aguirre,2,6,2,7,31.0,50.0,1.1,75.0,False
FL250020,Matthew Lawson,2,1,1,4,3.0,100.0,1.8,68.0,True
FL250021,James Cherry,2,5,5,5,9.0,50.0,1.8,65.0,False
FL250022,Samuel Sanford,2,10,8,9,0.0,,2.4,69.0,False
FL250023,Cesar Greene,2,12,10,8,21.0,30.0,4.7,,False
FL250024,Melanie Carter,1,13,11,10,15.0,50.0,1.3,100.0,True
FL250025,Jennifer Martin,1,5,5,10,13.0,75.0,2.9,92.0,True
FL250026,Anna Mccann,1,13,11,9,0.0,30.0,1.2,70.0,True
FL250027,Marissa Bass,1,10,8,1,8.0,20.0,0.0,89.0,True
FL250028,Alexis Day,1,14,12,3,11.0,,1.8,86.0,True
FL250029,Megan Jones,1,15,2,5,22.0,30.0,1.3,62.0,False
FL250030,Lori Smith,1,4,4,6,14.0,75.0,1.2,,False
FL250031,Eric Carpenter,2,4,4,9,4.0,,1.0,,True
FL250032,Timothy Daniels,2,16,13,10,19.0,100.0,4.2,68.0,False
FL250033,Robert Nelson,2,17,14,5,9.0,20.0,1.4,76.0,True
FL250034,Michael Anderson,2,13,11,5,9.0,40.0,2.4,82.0,True
FL250035,Jessica Snyder,1,6,2,4,32.0,75.0,1.0,81.0,True
FL250036,Emily Daniels,1,13,11,4,28.0,20.0,,,False
FL250037,Jamie Ramirez,1,10,8,2,6.0,40.0,,63.0,False
FL250038,Amy Harrison,1,4,4,3,10.0,40.0,2.2,67.0,False
FL250039,Melinda White,1,18,15,2,23.0,50.0,3.2,,True
FL250040,James Hernandez,2,10,8,4,13.0,20.0,3.6,80.0,False
FL250041,Angelica Rogers,1,8,2,5,3.0,50.0,0.0,,False
FL250042,Savannah Williams,1,15,2,4,0.0,30.0,2.7,84.0,True
FL250043,Kaitlyn Schmidt,1,3,3,9,10.0,50.0,0.0,,False
FL250044,Jason Singh,2,8,2,6,0.0,20.0,2.8,63.0,True
FL250045,Michelle Ramirez,1,4,4,10,23.0,20.0,2.5,80.0,False
FL250046,James Brown,2,18,15,4,9.0,75.0,4.9,74.0,True
FL250047,Mrs. Samantha Simmons,1,17,14,9,15.0,30.0,4.5,85.0,True
FL250048,Chase Mason,2,19,16,3,4.0,50.0,2.7,77.0,False
FL250049,Dominique Ward,1,20,7,2,7.0,20.0,1.9,,False
FL250050,Lance Griffin,2,4,4,7,1.0,20.0,1.4,63.0,True
FL250051,Julie Burgess,1,9,7,8,0.0,75.0,1.9,79.0,True
FL250052,Don Scott,2,16,13,6,8.0,50.0,3.4,,False
FL250053,Kyle Atkinson,2,3,3,10,33.0,75.0,3.3,68.0,True
FL250054,Jimmy Hogan,2,21,7,7,1.0,30.0,0.0,68.0,False
FL250055,Jennifer Mcintyre,1,7,6,8,11.0,100.0,2.3,72.0,True
FL250056,Larry Simpson,2,8,2,5,15.0,,2.0,65.0,True
FL250057,Laura Price,1,8,2,9,8.0,50.0,1.3,76.0,False
FL250058,Mark Wright,2,15,2,5,17.0,40.0,4.0,90.0,True
FL250059,Samantha Mcdaniel,1,11,9,2,0.0,75.0,3.6,65.0,True
FL250060,Barbara Foster,1,18,15,9,28.0,40.0,3.9,63.0,False
FL250061,Courtney Tran,1,5,5,5,33.0,75.0,0.0,,True
FL250062,Eddie Todd,2,3,3,5,18.0,75.0,0.0,,False
FL250063,Christine Johnson,1,14,12,7,16.0,20.0,2.3,93.0,True
FL250064,Leah Phelps,1,5,5,6,35.0,50.0,4.7,70.0,False
FL250065,Rebekah Williams,1,14,12,5,14.0,,3.5,83.0,True
FL250066,Crystal Wilson,1,21,7,4,12.0,40.0,2.4,64.0,True
FL250067,Ashley Cordova,1,12,10,5,11.0,75.0,4.0,100.0,False
FL250068,Vicki Kelly,1,12,10,4,0.0,40.0,0.0,,True
FL250069,Corey Warren,2,9,7,7,6.0,100.0,1.5,,False
FL250070,Gina Thompson,1,19,16,7,38.0,20.0,2.0,71.0,False
FL250071,Yvonne Berg,1,18,15,2,11.0,,,84.0,True
FL250072,Thomas Miller,2,1,1,9,13.0,50.0,1.0,,False
FL250073,Nicholas Burton,2,6,2,4,9.0,100.0,4.5,69.0,True
FL250074,Jorge Riley,2,2,2,1,4.0,,1.9,88.0,False
FL250075,Melvin Harris,2,1,1,10,14.0,100.0,3.7,,False
FL250076,Jeremy Meyer,2,11,9,6,0.0,30.0,1.9,96.0,True
FL250077,Timothy Lee,2,2,2,5,9.0,75.0,4.0,96.0,True
FL250078,Diana Bautista,1,21,7,9,32.0,40.0,1.8,,False
FL250079,Leslie Rodriguez,1,15,2,3,9.0,,0.0,89.0,True
FL250080,Noah Wiggins,2,11,9,10,21.0,100.0,4.6,,False
FL250081,Bridget Williams,1,9,7,7,12.0,100.0,3.6,63.0,False
FL250082,Veronica Baker,1,17,14,4,7.0,40.0,4.4,81.0,True
FL250083,Andrew Avila,2,19,16,9,3.0,40.0,4.6,74.0,False
FL250084,Michael Roberson,2,13,11,4,5.0,75.0,3.2,72.0,False
FL250085,Austin Jenkins,2,13,11,5,30.0,40.0,0.0,,True
FL250086,Brenda Green,1,19,16,9,2.0,100.0,2.6,85.0,True
FL250087,Samuel Pierce,2,6,2,2,2.0,75.0,3.7,,False
FL250088,Briana Smith,1,20,7,4,19.0,75.0,2.3,61.0,False
FL250089,Ronald Barrett,2,14,12,5,16.0,100.0,3.1,,False
FL250090,Matthew Smith,2,11,9,2,10.0,20.0,2.4,86.0,False
FL250091,Logan Huang,2,1,1,9,2.0,100.0,1.6,97.0,True
FL250092,Miranda Hutchinson,1,15,2,8,18.0,50.0,2.4,63.0,True
FL250093,Paul Richardson,2,19,16,7,21.0,100.0,,97.0,True
FL250094,Jose Jones,2,14,12,1,3.0,30.0,3.8,81.0,True
FL250095,Denise Smith,1,19,16,10,17.0,20.0,1.7,69.0,False
FL250096,Shelby Mcmahon,1,1,1,7,0.0,20.0,1.3,64.0,True
FL250097,Bethany Wright,1,21,7,8,25.0,50.0,5.0,77.0,False
FL250098,David Ortiz,2,6,2,1,17.0,20.0,3.3,96.0,False
FL250099,Andrew Lynch,2,6,2,7,5.0,20.0,1.1,74.0,False
FL250100,Kristopher Meyers,2,17,14,7,10.0,50.0,1.2,89.0,False
FL250101,Thomas Roth,2,11,9,2,0.0,,2.0,64.0,True
FL250102,Vicki Brown,1,14,12,3,2.0,30.0,4.5,64.0,False
FL250103,Stacy Sutton,1,14,12,9,30.0,100.0,3.0,73.0,True
FL250104,Kimberly Holland,1,7,6,1,2.0,50.0,4.9,68.0,True
FL250105,Travis Richardson,2,6,2,3,3.0,30.0,,88.0,False
FL250106,Jasmin Ho,1,16,13,9,21.0,40.0,2.5,77.0,False
FL250107,Mark Paul,2,14,12,1,3.0,,0.0,,True
FL250108,Jennifer Lewis,1,5,5,2,19.0,40.0,,72.0,True
FL250109,Elizabeth Lester,1,6,2,4,0.0,20.0,4.7,60.0,True
FL250110,Kimberly Griffin,1,6,2,5,9.0,30.0,3.5,72.0,True
FL250111,Tyler Warner,2,9,7,7,5.0,30.0,,92.0,False
FL250112,Jane Cox,1,6,2,10,6.0,50.0,3.4,,True
FL250113,Leah Williams,1,9,7,10,6.0,75.0,2.5,92.0,True
FL250114,Kevin Wong,2,7,6,2,3.0,30.0,1.1,,True
FL250115,Robert Andrews,2,7,6,5,13.0,20.0,4.8,,True
FL250116,Jessica Torres,1,20,7,5,5.0,30.0,,86.0,False
FL250117,Teresa Kim,1,17,14,7,4.0,40.0,3.4,68.0,True
FL250118,Jon Morgan,2,2,2,10,7.0,20.0,3.2,62.0,True
FL250119,Gloria Chaney,1,5,5,10,13.0,20.0,3.2,,False
FL250120,Jesse Campbell,2,13,11,6,4.0,30.0,0.0,82.0,True
FL250121,Allison Tucker MD,1,5,5,7,13.0,75.0,,,True
FL250122,Candice Petersen,1,1,1,9,5.0,40.0,3.7,93.0,False
FL250123,Christopher Nichols,2,15,2,10,15.0,50.0,1.0,64.0,True
FL250124,Debra Garcia,1,19,16,7,8.0,50.0,0.0,,True
FL250125,Andrew Fuentes,2,2,2,4,10.0,,1.7,96.0,False
FL250126,Jason Carter,2,13,11,6,19.0,,5.0,83.0,True
FL250127,Austin Romero,2,12,10,2,10.0,100.0,1.7,64.0,True
FL250128,Clayton Burns,2,17,14,3,8.0,40.0,4.4,70.0,False
FL250129,Jonathan Clark,2,19,16,10,9.0,20.0,0.0,65.0,False
FL250130,Alexander Griffin,2,16,13,10,13.0,40.0,3.4,67.0,True
FL250131,Shelly Whitehead,1,8,2,8,14.0,100.0,1.1,93.0,False
FL250132,Kaitlyn Davis,1,16,13,10,0.0,50.0,1.6,60.0,False
FL250133,Christopher Jones,2,11,9,4,22.0,100.0,4.1,62.0,False
FL250134,Cindy Jacobs,1,12,10,10,4.0,,2.5,70.0,True
FL250135,Penny Day,1,5,5,1,22.0,100.0,4.0,75.0,True
FL250136,Thomas Ingram,2,18,15,8,39.0,75.0,1.4,70.0,False
FL250137,Donna Hansen,1,8,2,8,5.0,50.0,,84.0,True
FL250138,Donna Bailey,1,16,13,8,5.0,40.0,1.2,83.0,False
FL250139,Joshua Armstrong,2,20,7,7,5.0,50.0,0.0,,False
FL250140,Jonathan Garza,2,3,3,8,11.0,50.0,3.1,88.0,False
FL250141,Charles Jones,2,16,13,7,15.0,50.0,0.0,81.0,True
FL250142,Lindsey Miles,1,11,9,6,5.0,20.0,2.2,80.0,True
FL250143,Eduardo Reed,2,8,2,4,7.0,75.0,3.0,67.0,True
FL250144,Lee Fowler,2,8,2,8,9.0,20.0,0.0,82.0,False
FL250145,Steven Jones Jr.,2,16,13,7,21.0,100.0,0.0,78.0,True
FL250146,Ashley Chen,1,3,3,5,7.0,40.0,1.4,81.0,False
FL250147,Erica Davis,1,17,14,1,4.0,,1.4,74.0,True
FL250148,Wayne Gonzales,2,3,3,7,7.0,30.0,0.0,88.0,False
FL250149,Gary Ballard,2,20,7,6,0.0,40.0,0.0,90.0,False
FL250150,Maria Mcguire,1,14,12,6,15.0,40.0,2.9,,False
FL250151,Matthew Richards,2,7,6,6,10.0,40.0,0.0,,True
FL250152,Patrick Malone,2,21,7,6,11.0,20.0,2.7,93.0,False
FL250153,Cindy Martin,1,9,7,2,12.0,100.0,1.8,,True
FL250154,Anne Edwards,1,10,8,9,20.0,75.0,1.1,71.0,False
FL250155,Mitchell Martin,2,13,11,9,29.0,40.0,4.3,95.0,True
FL250156,Mitchell Patrick,2,12,10,4,15.0,100.0,1.5,80.0,False
FL250157,Rebecca Lyons,1,1,1,6,9.0,20.0,2.2,,False
FL250158,Christian Lopez,2,18,15,6,0.0,100.0,3.2,62.0,False
FL250159,Nathan Blair,2,14,12,9,2.0,50.0,1.9,95.0,False
FL250160,Patricia Lopez,1,21,7,3,0.0,40.0,2.5,79.0,False
FL250161,Michelle Wu,1,5,5,7,12.0,40.0,4.5,62.0,False
FL250162,Donald Mitchell,2,9,7,6,12.0,30.0,4.1,68.0,False
FL250163,Sean Gordon,2,5,5,9,15.0,75.0,0.0,,False
FL250164,Gregory Clarke,2,8,2,9,29.0,75.0,,80.0,False
FL250165,Steven Whitney,2,10,8,8,15.0,40.0,3.7,92.0,True
FL250166,Robin Acosta,1,18,15,4,0.0,75.0,1.3,65.0,True
FL250167,John Smith,2,13,11,2,33.0,40.0,3.6,87.0,True
FL250168,Susan Baker,1,15,2,4,10.0,75.0,0.0,70.0,False
FL250169,Anthony Larsen,2,9,7,8,20.0,40.0,1.4,87.0,False
FL250170,Nicholas Carpenter,2,16,13,9,23.0,20.0,2.9,72.0,False
FL250171,Debra Salazar,1,4,4,1,0.0,40.0,2.8,80.0,False
FL250172,William Smith,2,10,8,7,0.0,20.0,1.7,66.0,False
FL250173,Caroline Gross,1,4,4,3,7.0,40.0,0.0,,True
FL250174,Jeremy Sawyer,2,8,2,6,4.0,75.0,1.1,64.0,True
FL250175,Eduardo Burns,2,12,10,7,9.0,20.0,,68.0,True
FL250176,Amanda Jones,1,2,2,3,17.0,20.0,3.6,63.0,False
FL250177,Frederick Ware,2,11,9,9,8.0,20.0,4.5,72.0,True
FL250178,Michael Black,2,18,15,5,14.0,30.0,0.0,86.0,True
FL250179,Patricia Sanders,1,16,13,3,21.0,30.0,1.5,73.0,True
FL250180,Marc Joseph,2,7,6,10,1.0,30.0,3.7,95.0,False
FL250181,Vanessa White,1,9,7,2,12.0,20.0,2.3,90.0,False
FL250182,Jennifer Garcia,1,20,7,3,2.0,20.0,2.8,78.0,False
FL250183,Michael Zavala,2,10,8,4,3.0,30.0,3.5,97.0,False
FL250184,Kimberly Williams,1,3,3,7,11.0,,0.0,65.0,True
FL250185,Elizabeth Jenkins,1,2,2,4,4.0,40.0,3.2,78.0,True
FL250186,Brandon Ford,2,21,7,10,21.0,50.0,3.3,65.0,True
FL250187,Justin House,2,7,6,4,0.0,20.0,4.9,,True
FL250188,Henry Mullen,2,20,7,6,6.0,30.0,2.2,95.0,True
FL250189,Jesse Cochran,2,12,10,10,18.0,40.0,,88.0,True
FL250190,Melissa Rich,1,20,7,3,0.0,,1.8,,False
FL250191,Patrick Dunlap,2,13,11,3,1.0,75.0,4.6,92.0,False
FL250192,Troy Carson,2,2,2,3,20.0,75.0,2.8,75.0,False
FL250193,Matthew Smith,2,1,1,9,0.0,30.0,1.4,74.0,False
FL250194,Jennifer Cherry,1,14,12,1,25.0,30.0,4.2,71.0,True
FL250195,Brandi Tucker,1,18,15,3,20.0,40.0,3.6,89.0,True
FL250196,Zachary Burke,2,5,5,4,33.0,100.0,1.6,66.0,True
FL250197,Thomas Jones,2,4,4,6,6.0,100.0,2.0,,False
FL250198,Brian Dunn,2,16,13,10,11.0,40.0,4.3,86.0,True
FL250199,Shirley Strickland,1,11,9,3,28.0,100.0,4.9,86.0,True
FL250200,Nicole Meyers,1,9,7,6,11.0,100.0,3.5,82.0,True
FL250201,Jill Stephens,1,21,7,5,2.0,100.0,2.5,87.0,False
FL250202,Heidi Miranda,1,19,16,10,7.0,100.0,1.7,80.0,True
FL250203,Jesus Martinez,2,1,1,9,10.0,100.0,4.6,71.0,True
FL250204,Adam Payne,2,14,12,2,6.0,50.0,,77.0,False
FL250205,Walter Williams,2,1,1,9,29.0,30.0,1.7,68.0,False
FL250206,Shannon Farmer,1,17,14,3,0.0,20.0,1.8,91.0,False
FL250207,Peter Reyes,2,15,2,7,5.0,20.0,2.2,75.0,False
FL250208,Kristen Knight,1,21,7,1,11.0,40.0,1.0,90.0,False
FL250209,William Moore Jr.,2,19,16,10,11.0,75.0,3.2,93.0,False
FL250210,Jennifer Rowe,1,3,3,6,15.0,40.0,2.1,94.0,True
FL250211,Mikayla Henry,1,15,2,2,1.0,50.0,4.6,64.0,True
FL250212,Jacob Kerr,2,13,11,8,8.0,20.0,0.0,84.0,True
FL250213,Ryan Johnson,2,1,1,10,30.0,20.0,2.8,87.0,False
FL250214,Michael Ruiz,2,3,3,1,8.0,40.0,0.0,64.0,False
FL250215,Monica Roberts,1,5,5,10,0.0,100.0,2.7,64.0,True
FL250216,Danny Brown,2,11,9,10,12.0,20.0,0.0,80.0,True
FL250217,Karen Larsen,1,21,7,2,4.0,50.0,3.1,90.0,False
FL250218,Robert Evans,2,13,11,4,14.0,100.0,0.0,92.0,True
FL250219,Sean Poole,2,5,5,3,14.0,,,96.0,False
FL250220,Richard Quinn,2,15,2,7,2.0,30.0,2.3,,True
FL250221,Jennifer Gonzalez,1,19,16,8,2.0,100.0,2.4,,True
FL250222,James Skinner,2,13,11,10,4.0,75.0,2.6,85.0,True
FL250223,Michelle Hill,1,15,2,5,0.0,40.0,1.1,79.0,False
FL250224,Jacqueline Williams,1,19,16,10,9.0,30.0,0.0,65.0,True
FL250225,Darrell Johnson,2,15,2,10,3.0,40.0,4.7,63.0,False
FL250226,Ryan Crawford,2,18,15,4,2.0,40.0,1.2,,False
FL250227,Chelsea Barber,1,3,3,10,10.0,40.0,1.2,78.0,False
FL250228,Elaine Martinez,1,15,2,3,33.0,75.0,0.0,62.0,True
FL250229,Joseph Kent,2,20,7,10,12.0,40.0,1.2,76.0,False
FL250230,Megan Welch,1,5,5,1,18.0,100.0,2.9,97.0,False
FL250231,Stephen Ramirez,2,12,10,1,4.0,,,,False
FL250232,Chloe Gray,1,17,14,6,11.0,50.0,3.9,82.0,True
FL250233,Michael Williams Jr.,2,16,13,6,1.0,50.0,3.1,71.0,True
FL250234,Matthew Martin,2,20,7,7,2.0,,0.0,,True
FL250235,Julia Murphy,1,13,11,3,2.0,50.0,3.2,,True
FL250236,Anna Evans,1,13,11,1,34.0,30.0,,,True
FL250237,Brenda Fleming,1,13,11,3,27.0,100.0,4.7,69.0,True
FL250238,Daniel Harrington,2,15,2,5,4.0,75.0,5.0,88.0,False
FL250239,Daniel Barnett,2,1,1,2,11.0,40.0,,67.0,False
FL250240,Mark Cummings,2,6,2,4,4.0,50.0,4.0,,False
FL250241,Christopher Guerra,2,11,9,5,11.0,,1.2,,True
FL250242,Sarah Ho,1,20,7,5,1.0,100.0,4.7,67.0,False
FL250243,Veronica Thomas,1,18,15,10,2.0,20.0,2.4,86.0,True
FL250244,Mitchell Watson,2,20,7,3,2.0,,1.1,69.0,False
FL250245,Monica Murphy,1,6,2,2,10.0,50.0,1.4,85.0,True
FL250246,Kristen Williams,1,6,2,7,18.0,40.0,3.4,60.0,False
FL250247,Nicole Wright,1,7,6,1,4.0,40.0,2.7,70.0,True
FL250248,Andrew Ruiz,2,9,7,4,23.0,,4.9,,False
FL250249,Zachary Jackson,2,19,16,6,6.0,75.0,1.9,81.0,True
FL250250,Stephanie Carter,1,11,9,2,5.0,100.0,,,True
FL250251,Amy Olson,1,20,7,9,19.0,75.0,4.6,78.0,False
FL250252,Fred Stark,2,3,3,7,6.0,50.0,0.0,81.0,False
FL250253,Jacob Gill,2,3,3,6,8.0,75.0,1.8,71.0,True
FL250254,Anthony Nichols,2,21,7,2,3.0,75.0,2.0,,False
FL250255,William Knapp,2,18,15,7,8.0,30.0,5.0,99.0,True
FL250256,Elizabeth Walker,1,13,11,6,12.0,20.0,3.2,66.0,True
FL250257,Brenda Reeves,1,2,2,1,30.0,30.0,2.4,80.0,True
FL250258,Carrie Little,1,15,2,4,21.0,100.0,2.9,83.0,False
FL250259,Steven Jackson,2,12,10,7,17.0,20.0,0.0,87.0,True
FL250260,Mark Perry,2,7,6,6,9.0,30.0,3.0,76.0,False
FL250261,Cameron Spencer,2,21,7,7,2.0,50.0,1.6,89.0,False
FL250262,Jennifer Holmes,1,16,13,3,1.0,20.0,3.6,94.0,True
FL250263,Jacob Joseph,2,1,1,4,23.0,,2.1,68.0,False
FL250264,Jeffery Tucker,2,3,3,9,8.0,30.0,3.6,96.0,True
FL250265,Jacqueline Drake,1,15,2,6,6.0,20.0,2.7,91.0,True
FL250266,Brian Bautista,2,11,9,1,1.0,100.0,2.1,92.0,True
FL250267,Dakota Wells,2,13,11,4,19.0,40.0,4.9,82.0,True
FL250268,Julie White,1,9,7,5,2.0,30.0,2.1,,True
FL250269,Barbara Keith,1,10,8,4,21.0,100.0,0.0,91.0,False
FL250270,Heather Camacho,1,10,8,10,3.0,50.0,2.8,86.0,True
FL250271,Melanie Harris,1,18,15,2,14.0,,,69.0,False
FL250272,Jacqueline Peterson,1,18,15,7,10.0,100.0,4.7,84.0,True
FL250273,Nancy Long,1,8,2,8,5.0,100.0,1.3,60.0,False
FL250274,Mr. Juan Mitchell,2,4,4,1,6.0,75.0,1.6,97.0,True
FL250275,William Gaines,2,16,13,4,21.0,100.0,0.0,70.0,True
FL250276,Haley Yates,1,19,16,7,4.0,100.0,3.6,81.0,False
FL250277,Richard Mcguire,2,14,12,10,18.0,20.0,4.7,88.0,True
FL250278,Stephanie Fisher,1,18,15,7,12.0,40.0,,100.0,True
FL250279,Anthony Goodwin DDS,2,7,6,6,6.0,,3.2,95.0,False
FL250280,Meagan Walters,1,8,2,1,4.0,20.0,,71.0,False
FL250281,David Powell,2,5,5,7,13.0,20.0,4.7,85.0,False
FL250282,Kelly Jones,1,11,9,2,6.0,30.0,,96.0,False
FL250283,Dr. Michael Aguilar,2,4,4,3,10.0,20.0,2.4,92.0,True
FL250284,Alex Novak,2,13,11,8,20.0,50.0,,79.0,False
FL250285,Ann Contreras,1,10,8,4,20.0,75.0,2.9,,False
FL250286,Mary Reed,1,18,15,8,11.0,50.0,0.0,,False
FL250287,Lauren Ross,1,13,11,10,12.0,20.0,0.0,89.0,False
FL250288,Candice Wise,1,21,7,10,1.0,100.0,1.5,100.0,True
FL250289,Joyce Humphrey,1,11,9,10,2.0,30.0,1.9,81.0,True
FL250290,James Carr,2,8,2,1,13.0,100.0,3.1,95.0,True
FL250291,Joseph Mendoza,2,5,5,7,0.0,,1.8,88.0,False
FL250292,Cathy Baldwin,1,10,8,4,7.0,30.0,2.4,66.0,True
FL250293,Christine Hart,1,11,9,1,13.0,100.0,4.2,84.0,True
FL250294,Mike Stanley,2,20,7,4,21.0,50.0,1.4,,False
FL250295,Jeffrey Edwards,2,2,2,4,19.0,40.0,1.2,82.0,True
FL250296,Amy Lee,1,8,2,9,34.0,,2.1,84.0,True
FL250297,Mark Thompson,2,18,15,6,3.0,100.0,1.4,73.0,False
FL250298,Alex Wilson,2,13,11,2,0.0,30.0,3.8,93.0,True
FL250299,Nancy Mendez,1,15,2,10,20.0,50.0,0.0,64.0,True
FL250300,Beth Crane,1,4,4,2,6.0,40.0,3.5,76.0,False
FL250301,Miguel Rogers,2,11,9,10,13.0,100.0,0.0,97.0,True
FL250302,Thomas Robles,2,18,15,6,9.0,75.0,2.2,95.0,False
FL250303,Joel Brown III,2,14,12,4,2.0,75.0,2.5,65.0,False
FL250304,Olivia Schultz,1,15,2,3,0.0,50.0,4.7,77.0,False
FL250305,Clayton Pena,2,17,14,6,0.0,20.0,3.9,,False
FL250306,Ashley Salazar,1,19,16,6,2.0,75.0,1.6,67.0,False
FL250307,Robert Lucas,2,16,13,8,2.0,50.0,,84.0,False
FL250308,David Cox,2,13,11,2,1.0,30.0,3.6,87.0,True
FL250309,Christian Campbell,2,12,10,10,14.0,30.0,1.2,91.0,True
FL250310,Mrs. Angela Ward,1,18,15,10,14.0,75.0,3.0,78.0,False
FL250311,Lucas Chen,2,4,4,7,2.0,50.0,3.9,,False
FL250312,Ruben Nelson,2,2,2,9,1.0,40.0,1.7,74.0,True
FL250313,Brenda Briggs,1,12,10,9,13.0,20.0,4.5,91.0,True
FL250314,Ronald Smith,2,6,2,3,23.0,40.0,3.6,71.0,True
FL250315,Dakota Giles,2,3,3,8,0.0,75.0,3.6,87.0,True
FL250316,Angela Castillo,1,9,7,1,3.0,100.0,2.8,61.0,True
FL250317,Allen Lee,2,4,4,9,0.0,100.0,5.0,,False
FL250318,Michael Rogers,2,3,3,3,0.0,100.0,1.4,81.0,True
FL250319,Danielle Costa,1,14,12,6,17.0,30.0,,,True
FL250320,William Nunez,2,9,7,10,9.0,40.0,4.6,84.0,True
FL250321,Christopher Riggs,2,13,11,1,4.0,20.0,3.3,,False
FL250322,Kathryn Myers,1,15,2,8,0.0,40.0,3.7,,True
FL250323,Robert Walls,2,12,10,3,33.0,,0.0,60.0,True
FL250324,Justin Johnson,2,11,9,8,18.0,50.0,0.0,64.0,True
FL250325,Paula Stevens,1,10,8,2,9.0,40.0,,64.0,True
FL250326,Jennifer Allen,1,21,7,6,40.0,75.0,3.4,100.0,True
FL250327,Mark Hudson,2,9,7,4,1.0,40.0,1.6,100.0,True
FL250328,Jessica Smith,1,19,16,2,5.0,20.0,1.9,,False
FL250329,Mike Dean,2,9,7,5,4.0,50.0,0.0,83.0,True
FL250330,Jose Wilson,2,1,1,10,13.0,40.0,,87.0,True
FL250331,Tammy Hill,1,6,2,2,33.0,100.0,,75.0,False
FL250332,Nathaniel Flores,2,8,2,2,22.0,40.0,1.1,61.0,True
FL250333,Edwin Carter,2,6,2,9,34.0,,2.5,93.0,False
FL250334,Patricia Miller,1,3,3,2,8.0,30.0,3.6,,True
FL250335,Rebecca Schneider,1,9,7,4,1.0,20.0,,99.0,False
FL250336,John Greene,2,8,2,7,20.0,50.0,4.4,73.0,False
FL250337,Brittany Mcdowell,1,6,2,3,11.0,75.0,2.1,96.0,False
FL250338,Lori Miller,1,7,6,6,2.0,40.0,0.0,60.0,False
FL250339,Joseph Robinson,2,13,11,3,6.0,20.0,1.0,64.0,True
FL250340,Aaron Pruitt,2,3,3,1,20.0,30.0,0.0,,False
FL250341,Victoria Miller,1,15,2,9,0.0,20.0,4.9,,False
FL250342,Clarence Vega,2,1,1,5,4.0,30.0,4.7,99.0,False
FL250343,Deborah Day,1,1,1,1,3.0,40.0,2.1,,False
FL250344,Nicole Rocha,1,4,4,2,33.0,40.0,1.5,71.0,True
FL250345,Elijah Green,2,2,2,8,1.0,,2.6,72.0,False
FL250346,Emily Johnson,1,7,6,4,23.0,50.0,0.0,66.0,False
FL250347,Richard Velasquez Jr.,2,16,13,6,13.0,40.0,,78.0,False
FL250348,Kurt Wilson,2,2,2,9,1.0,20.0,4.0,100.0,True
FL250349,Jeremiah Rodriguez,2,1,1,9,15.0,40.0,4.5,,True
FL250350,Lauren Lang,1,12,10,2,18.0,75.0,3.8,67.0,False
FL250351,Matthew Phillips,2,6,2,10,21.0,50.0,4.0,78.0,False
FL250352,Michael Andersen,2,4,4,9,1.0,40.0,4.9,78.0,True
FL250353,Amanda Mayo,1,15,2,4,25.0,30.0,3.4,75.0,False
FL250354,Jessica Vance,1,1,1,8,12.0,50.0,2.1,67.0,True
FL250355,Alexa Gallegos,1,10,8,3,32.0,40.0,0.0,86.0,True
FL250356,Charles Pratt,2,9,7,7,0.0,100.0,4.5,77.0,False
FL250357,Brian Baker,2,13,11,7,10.0,30.0,3.8,61.0,False
FL250358,Christina Norman,1,11,9,7,0.0,,4.3,90.0,False
FL250359,Laura Kelly,1,19,16,6,1.0,50.0,0.0,98.0,True
FL250360,John Webb,2,11,9,8,2.0,30.0,,99.0,True
FL250361,Christopher Burton,2,4,4,6,9.0,40.0,2.6,61.0,False
FL250362,Bradley Aguilar,2,10,8,6,22.0,50.0,1.6,61.0,True
FL250363,Arthur Vasquez,2,9,7,1,5.0,30.0,2.3,91.0,False
FL250364,Angela Castro,1,15,2,8,6.0,75.0,4.6,72.0,True
FL250365,Summer Yoder,1,2,2,4,26.0,100.0,2.1,,True
FL250366,Jackie Allen,1,13,11,1,0.0,40.0,1.5,96.0,False
FL250367,Brandon Williams,2,19,16,5,9.0,40.0,1.7,72.0,True
FL250368,Manuel Torres,2,10,8,6,11.0,,3.3,,False
FL250369,Scott Keller,2,13,11,10,0.0,40.0,4.3,63.0,True
FL250370,Deborah Brown,1,12,10,10,3.0,20.0,,,False
FL250371,Jennifer Lara,1,1,1,6,15.0,75.0,2.6,83.0,False
FL250372,Jason Scott,2,20,7,3,12.0,20.0,4.1,94.0,True
FL250373,Gregory Garrison,2,11,9,6,19.0,40.0,2.2,78.0,True
FL250374,Chelsea Anderson,1,4,4,6,13.0,30.0,1.1,,True
FL250375,Gerald Johnson,2,9,7,1,0.0,50.0,2.1,82.0,True
FL250376,Kevin Ellis,2,3,3,8,3.0,30.0,2.3,66.0,False
FL250377,Mitchell Keller,2,2,2,3,26.0,,3.6,82.0,True
FL250378,Mary Brown,1,3,3,10,4.0,20.0,4.7,84.0,True
FL250379,Ronald Walls,2,15,2,8,8.0,20.0,4.8,81.0,False
FL250380,Anthony Avila,2,18,15,5,10.0,75.0,4.2,71.0,False
FL250381,Douglas Goodwin,2,1,1,10,5.0,,4.8,61.0,True
FL250382,James Mills,2,21,7,1,18.0,75.0,4.0,66.0,True
FL250383,Nicole Marks,1,17,14,6,10.0,20.0,2.5,97.0,True
FL250384,Phyllis Dawson,1,8,2,7,0.0,20.0,4.8,74.0,False
FL250385,Renee Arnold,1,20,7,1,21.0,30.0,4.7,61.0,False
FL250386,Eric Robinson,2,17,14,1,25.0,20.0,4.0,90.0,False
FL250387,Paul Brown,2,4,4,9,0.0,40.0,4.1,97.0,True
FL250388,Sarah Proctor,1,15,2,9,5.0,100.0,3.2,,True
FL250389,Matthew Hicks,2,17,14,4,1.0,20.0,4.3,76.0,False
FL250390,Christopher Black,2,19,16,8,4.0,40.0,4.4,92.0,False
FL250391,Joanne Reyes,1,18,15,6,21.0,40.0,2.3,,False
FL250392,Isaac Gray,2,18,15,5,1.0,20.0,2.4,66.0,True
FL250393,Joshua Roberts,2,1,1,9,0.0,50.0,4.6,83.0,False
FL250394,Elizabeth Estrada,1,3,3,7,10.0,50.0,0.0,,False
FL250395,Lori Malone,1,17,14,1,21.0,,0.0,,True
FL250396,Anthony Huynh MD,2,14,12,8,0.0,20.0,4.2,82.0,True
FL250397,Mindy York,1,9,7,6,0.0,50.0,2.3,77.0,False
FL250398,Ms. Christine Cherry,1,4,4,6,17.0,50.0,4.7,73.0,True
FL250399,Daniel Foster,2,13,11,8,5.0,,3.0,88.0,True
FL250400,Mr. David Valencia,2,6,2,7,3.0,30.0,2.4,81.0,False
FL250401,Ethan Adams,2,14,12,6,1.0,20.0,1.7,78.0,False
FL250402,Brett Moore,2,7,6,8,2.0,75.0,0.0,92.0,False
FL250403,Phillip Griffin,2,3,3,9,32.0,30.0,,64.0,False
FL250404,Stacie Wall,1,2,2,1,14.0,30.0,0.0,78.0,True
FL250405,Jacob Austin,2,18,15,4,10.0,20.0,1.8,85.0,True
FL250406,Sabrina Davidson,1,4,4,8,27.0,50.0,0.0,78.0,False
FL250407,Dustin Douglas,2,16,13,5,2.0,30.0,3.8,98.0,True
FL250408,Steven Norris,2,10,8,5,33.0,40.0,0.0,63.0,True
FL250409,Mindy Sullivan,1,5,5,3,11.0,40.0,3.6,73.0,False
FL250410,Elizabeth Stone,1,21,7,3,2.0,30.0,0.0,94.0,False
FL250411,Diane Flores,1,2,2,4,31.0,50.0,4.1,81.0,True
FL250412,Jessica Erickson,1,7,6,3,17.0,50.0,2.6,61.0,True
FL250413,Sara Moses,1,12,10,7,2.0,100.0,0.0,,False
FL250414,Allison Henderson,1,17,14,4,2.0,20.0,1.3,83.0,False
FL250415,Susan Dixon,1,13,11,8,22.0,30.0,4.1,,True
FL250416,David Morrison,2,20,7,10,8.0,50.0,2.4,68.0,False
FL250417,Jason Carter,2,20,7,6,9.0,50.0,0.0,74.0,False
FL250418,James Jacobs,2,17,14,4,32.0,100.0,4.4,91.0,False
FL250419,Kathleen Quinn,1,16,13,5,8.0,100.0,2.2,97.0,True
FL250420,Natalie Frank MD,1,2,2,2,10.0,30.0,0.0,96.0,False
FL250421,Michael Reed,2,18,15,9,0.0,50.0,1.1,73.0,True
FL250422,Sheila Smith,1,11,9,8,22.0,,1.4,72.0,True
FL250423,Morgan Ford,1,20,7,7,34.0,100.0,0.0,74.0,True
FL250424,Linda Schultz,1,9,7,2,5.0,30.0,1.5,,False
FL250425,Regina Daniel,1,11,9,5,3.0,20.0,0.0,,True
FL250426,Allison Perkins,1,4,4,10,10.0,75.0,0.0,74.0,True
FL250427,Bradley Weaver,2,6,2,9,0.0,100.0,3.5,71.0,True
FL250428,Sarah Hall,1,4,4,7,6.0,,4.8,83.0,False
FL250429,Diana Walton,1,1,1,10,1.0,75.0,,63.0,True
FL250430,Donna Davis,1,15,2,5,0.0,,4.8,84.0,True
FL250431,Christopher Mcclain,2,18,15,4,0.0,,1.4,93.0,False
FL250432,Dr. Paul Williamson,2,11,9,5,13.0,100.0,1.1,,True
FL250433,Barbara Brown,1,4,4,10,13.0,50.0,3.3,93.0,True
FL250434,Kimberly Allen,1,3,3,1,0.0,30.0,4.6,97.0,True
FL250435,Elizabeth Edwards,1,9,7,10,7.0,75.0,2.8,92.0,True
FL250436,Anthony Downs,2,2,2,9,6.0,50.0,5.0,92.0,True
FL250437,Jack Ortega,2,11,9,8,2.0,75.0,4.7,68.0,False
FL250438,Marvin Moore,2,6,2,7,13.0,100.0,3.5,95.0,False
FL250439,Tony French,2,13,11,7,7.0,100.0,4.3,76.0,False
FL250440,Stacy Hudson,1,1,1,9,7.0,100.0,3.3,66.0,True
FL250441,Scott Washington,2,9,7,2,15.0,75.0,,73.0,False
FL250442,Timothy Wright,2,10,8,5,0.0,20.0,2.8,99.0,True
FL250443,Joseph Gonzalez,2,19,16,3,5.0,,2.7,94.0,True
FL250444,Andrea Perez,1,19,16,1,0.0,50.0,0.0,84.0,False
FL250445,Angel Collins,1,14,12,8,10.0,20.0,,92.0,True
FL250446,Daniel Terry,2,17,14,9,6.0,75.0,4.3,,True
FL250447,Steven Whitaker,2,8,2,5,8.0,50.0,,90.0,False
FL250448,Denise Neal,1,2,2,2,4.0,20.0,,73.0,False
FL250449,Amanda Jacobs,1,17,14,5,3.0,100.0,,73.0,True
FL250450,Karen Mercer,1,9,7,10,0.0,30.0,2.9,78.0,True
FL250451,Lindsay Hudson,1,4,4,8,11.0,30.0,0.0,63.0,True
FL250452,Stephanie Armstrong,1,4,4,5,17.0,50.0,1.3,64.0,True
FL250453,Dr. Jessica Campbell,1,9,7,4,1.0,75.0,0.0,,True
FL250454,Curtis Maxwell,2,5,5,5,16.0,20.0,4.8,86.0,True
FL250455,Adam Kelly PhD,2,9,7,10,11.0,40.0,2.4,,False
FL250456,Julie Becker,1,14,12,2,3.0,100.0,4.7,96.0,False
FL250457,James Moore,2,6,2,3,0.0,75.0,2.0,,False
FL250458,Danielle Barrera,1,6,2,2,3.0,50.0,2.2,77.0,False
FL250459,David Sanchez,2,15,2,10,1.0,100.0,2.1,,True
FL250460,Tiffany Bowman,1,17,14,6,1.0,30.0,1.7,65.0,False
FL250461,Jesus Quinn,2,16,13,2,35.0,,5.0,62.0,True
FL250462,Mr. Danny Morris DDS,2,7,6,6,1.0,50.0,2.9,81.0,False
FL250463,Nicole York,1,10,8,9,12.0,50.0,4.1,62.0,True
FL250464,John Mathis,2,20,7,4,8.0,40.0,4.9,87.0,False
FL250465,Julie Barnett,1,12,10,10,13.0,100.0,2.5,,False
FL250466,Jasmine Harris,1,17,14,6,0.0,30.0,0.0,76.0,True
FL250467,Mary Henry,1,19,16,1,11.0,100.0,2.8,70.0,True
FL250468,Judith Riggs,1,19,16,10,19.0,100.0,3.8,71.0,True
FL250469,Justin Ruiz,2,15,2,2,30.0,30.0,4.3,83.0,True
FL250470,Jennifer Sullivan,1,2,2,1,8.0,40.0,0.0,78.0,False
FL250471,Jesse Moran,2,5,5,8,0.0,40.0,1.3,78.0,True
FL250472,Monica Smith,1,11,9,2,7.0,50.0,4.7,60.0,True
FL250473,Ian May,2,16,13,1,11.0,40.0,1.3,,True
FL250474,Kayla Meyers,1,19,16,1,0.0,75.0,4.8,,True
FL250475,John Bray,2,6,2,7,14.0,30.0,1.3,94.0,False
FL250476,James Smith,2,5,5,8,11.0,50.0,4.3,62.0,False
FL250477,Mark Duncan,2,21,7,8,31.0,30.0,,,True
FL250478,Matthew Gay,2,4,4,9,16.0,30.0,0.0,,True
FL250479,Cheryl Freeman,1,4,4,9,6.0,30.0,0.0,84.0,True
FL250480,Patrick Welch,2,15,2,9,21.0,75.0,2.7,,True
FL250481,Craig Levine,2,16,13,8,13.0,40.0,2.4,65.0,False
FL250482,Richard Harvey,2,8,2,4,0.0,40.0,1.9,94.0,True
FL250483,Bonnie Sherman,1,4,4,2,11.0,20.0,3.6,69.0,False
FL250484,Keith Trujillo,2,4,4,2,0.0,50.0,2.9,65.0,True
FL250485,Corey Combs,2,17,14,2,2.0,75.0,2.8,60.0,False
FL250486,Antonio King,2,7,6,9,12.0,75.0,2.6,,False
FL250487,Amy Lee,1,14,12,1,13.0,100.0,2.7,62.0,True
FL250488,Jennifer Rogers,1,18,15,2,6.0,30.0,1.1,,True
FL250489,Jeffrey Cooper,2,5,5,4,10.0,30.0,0.0,89.0,True
FL250490,Allison Williams,1,12,10,7,2.0,40.0,0.0,89.0,True
FL250491,Raymond Sherman,2,21,7,1,4.0,50.0,0.0,100.0,True
FL250492,Jennifer Nelson,1,2,2,4,11.0,,4.6,,True
FL250493,Jennifer Carter,1,14,12,7,14.0,40.0,1.5,60.0,True
FL250494,Todd Williams,2,15,2,7,10.0,40.0,2.0,85.0,False
FL250495,Emily Horton,1,13,11,3,3.0,40.0,1.6,83.0,True
FL250496,Lance Lester,2,9,7,5,3.0,30.0,1.5,96.0,False
FL250497,Kevin Flores,2,4,4,1,33.0,,4.1,83.0,True
FL250498,Aaron Stewart PhD,2,5,5,6,24.0,100.0,4.7,60.0,False
FL250499,Robin Moore,1,14,12,7,3.0,100.0,3.6,78.0,True
FL250500,Suzanne Ingram,1,17,14,4,11.0,20.0,1.8,90.0,True
FL250501,Jacob Mclaughlin,2,2,2,6,7.0,100.0,2.1,66.0,False
FL250502,Michael Nunez,2,20,7,9,1.0,50.0,,70.0,True
FL250503,Isabel Brown,1,10,8,7,0.0,30.0,4.2,79.0,True
FL250504,Michael Stein,2,13,11,1,1.0,40.0,0.0,64.0,False
FL250505,Robert Stone,2,8,2,2,1.0,30.0,1.0,81.0,False
FL250506,Dillon Henry,2,9,7,5,7.0,75.0,4.4,83.0,False
FL250507,James Todd,2,20,7,1,0.0,40.0,4.0,91.0,False
FL250508,Clifford Moore MD,2,8,2,8,6.0,50.0,3.1,,False
FL250509,John Rios,2,12,10,4,5.0,75.0,1.1,77.0,True
FL250510,Anthony Gaines,2,6,2,9,17.0,75.0,0.0,94.0,False
FL250511,Kristi Brown DVM,1,3,3,4,0.0,20.0,3.8,61.0,True
FL250512,Ashley Odonnell,1,9,7,7,8.0,100.0,1.7,68.0,False
FL250513,Ronald Elliott,2,21,7,10,13.0,50.0,2.2,70.0,False
FL250514,Lorraine Lowery,1,8,2,6,15.0,40.0,4.1,71.0,True
FL250515,Victoria Chapman,1,6,2,1,2.0,100.0,3.8,,False
FL250516,Heather Davis,1,10,8,10,9.0,30.0,0.0,78.0,True
FL250517,Diana Chase,1,7,6,5,3.0,50.0,0.0,75.0,False
FL250518,Danielle Adkins,1,19,16,5,15.0,20.0,4.2,91.0,True
FL250519,Kenneth Arias,2,8,2,6,21.0,75.0,2.2,66.0,True
FL250520,Victoria Owen,1,5,5,8,2.0,75.0,1.5,68.0,True
FL250521,Christina King,1,19,16,8,21.0,100.0,0.0,,False
FL250522,Samantha King,1,16,13,9,0.0,100.0,4.1,62.0,False
FL250523,Scott Compton,2,17,14,1,4.0,40.0,2.6,90.0,False
FL250524,Monica West,1,6,2,7,23.0,100.0,2.4,96.0,False
FL250525,Theresa Stewart,1,6,2,1,25.0,50.0,1.4,60.0,True
FL250526,Steven Kim,2,7,6,2,10.0,,4.6,62.0,True
FL250527,Kristi Knight,1,1,1,6,18.0,40.0,4.9,74.0,False
FL250528,Jason Bryant,2,21,7,1,1.0,20.0,0.0,,True
FL250529,Maureen Keith,1,8,2,9,12.0,30.0,3.5,98.0,True
FL250530,Shawn Hogan,2,3,3,10,0.0,,1.7,63.0,True
FL250531,William Davis,2,15,2,1,5.0,50.0,0.0,96.0,True
FL250532,Stacy Bailey,1,11,9,2,28.0,20.0,0.0,88.0,False
FL250533,Thomas Dixon,2,11,9,5,0.0,,4.6,,False
FL250534,Maria Hall,1,3,3,4,14.0,40.0,1.1,73.0,True
FL250535,Tony Lee,2,6,2,3,15.0,,4.2,88.0,False
FL250536,Catherine Mccoy MD,1,18,15,7,9.0,,0.0,91.0,False
FL250537,Maria Benitez,1,19,16,2,9.0,30.0,3.9,65.0,False
FL250538,Joshua Chambers,2,20,7,7,22.0,20.0,3.4,90.0,True
FL250539,Janice Daniels,1,3,3,9,0.0,20.0,2.6,72.0,False
FL250540,Carla Wood,1,1,1,9,1.0,40.0,2.3,72.0,True
FL250541,Kenneth Vasquez,2,10,8,1,5.0,30.0,4.8,,False
FL250542,Kevin Smith,2,19,16,6,0.0,40.0,4.5,68.0,False
FL250543,Thomas Kim,2,21,7,1,0.0,30.0,0.0,87.0,False
FL250544,Sean Park,2,20,7,8,19.0,75.0,0.0,72.0,False
FL250545,Judith Poole,1,2,2,6,2.0,40.0,1.1,76.0,False
FL250546,Melanie Baird,1,7,6,2,0.0,100.0,0.0,63.0,False
FL250547,Erika Mitchell,1,15,2,6,2.0,40.0,,91.0,True
FL250548,Ricky Martinez,2,8,2,5,0.0,100.0,,73.0,False
FL250549,John Christian,2,4,4,8,1.0,40.0,0.0,63.0,False
FL250550,Nancy Smith,1,8,2,9,3.0,20.0,,79.0,True
FL250551,Cassandra Stephens,1,9,7,5,0.0,20.0,4.1,75.0,False
FL250552,Miss Janet Donovan MD,1,16,13,4,1.0,,0.0,70.0,False
FL250553,Kristina Williams,1,2,2,9,0.0,100.0,1.2,87.0,True
FL250554,Wayne Barnes,2,1,1,1,7.0,30.0,1.6,,False
FL250555,James Hinton,2,7,6,9,1.0,50.0,3.9,88.0,True
FL250556,David Spence,2,13,11,8,21.0,40.0,0.0,,True
FL250557,Tyler Cooper,2,6,2,7,1.0,20.0,4.7,93.0,False
FL250558,Sean Martinez,2,7,6,3,15.0,,3.8,,True
FL250559,Janet Barron,1,18,15,8,33.0,100.0,3.5,74.0,False
FL250560,Rodney Wilson,2,9,7,3,39.0,75.0,4.0,70.0,True
FL250561,Kimberly Fitzgerald,1,17,14,3,21.0,30.0,1.6,67.0,True
FL250562,Nicole Davis,1,16,13,8,5.0,40.0,3.0,86.0,False
FL250563,Elizabeth Hayes,1,20,7,9,11.0,50.0,5.0,69.0,True
FL250564,Kathy Faulkner,1,7,6,3,0.0,30.0,4.8,68.0,True
FL250565,John Gonzales,2,8,2,9,15.0,50.0,,,False
FL250566,Shannon Luna,1,19,16,9,22.0,,2.9,61.0,False
FL250567,Stephanie Burton,1,7,6,7,3.0,,3.0,96.0,True
FL250568,Kevin Gonzales,2,15,2,8,11.0,50.0,3.5,68.0,True
FL250569,Dawn Hardy,1,9,7,4,5.0,40.0,,75.0,True
FL250570,Margaret Perkins,1,15,2,7,3.0,40.0,4.7,69.0,False
FL250571,Amanda Vargas,1,6,2,9,1.0,,2.9,78.0,False
FL250572,Tonya Gonzalez,1,20,7,5,1.0,75.0,4.4,,True
FL250573,Elizabeth Bowman,1,5,5,2,2.0,40.0,2.3,98.0,False
FL250574,Ariana Pittman,1,20,7,5,3.0,30.0,3.7,83.0,True
FL250575,Antonio Johnson,2,20,7,3,11.0,,1.8,91.0,True
FL250576,Justin Lang,2,17,14,5,0.0,100.0,0.0,96.0,True
FL250577,Kelli Ramirez,1,13,11,3,2.0,50.0,,85.0,True
FL250578,Deborah Torres,1,5,5,4,20.0,30.0,2.7,72.0,False
FL250579,Joseph Horn,2,16,13,4,11.0,20.0,4.7,69.0,True
FL250580,Christopher Robinson,2,8,2,9,0.0,20.0,3.1,90.0,False
FL250581,Sandra Mccormick,1,8,2,2,20.0,20.0,2.3,92.0,False
FL250582,Michael Holland,2,3,3,9,3.0,20.0,1.3,91.0,True
FL250583,Kenneth Stevenson,2,17,14,9,28.0,50.0,2.9,,True
FL250584,Timothy Bennett,2,11,9,6,0.0,40.0,3.3,98.0,False
FL250585,Gregory Randall,2,6,2,7,4.0,20.0,4.2,82.0,True
FL250586,Charles Martinez,2,20,7,7,9.0,40.0,1.3,83.0,True
FL250587,James Hall,2,8,2,2,2.0,100.0,4.4,,True
FL250588,Michael Garcia,2,2,2,9,1.0,100.0,3.4,,True
FL250589,Michele Duran,1,4,4,5,2.0,100.0,3.4,85.0,True
FL250590,Jessica Gray,1,9,7,2,16.0,20.0,3.2,,True
FL250591,Keith Shaffer,2,20,7,1,22.0,20.0,3.6,63.0,False
FL250592,Jessica Decker,1,15,2,8,22.0,20.0,0.0,,False
FL250593,Brianna Pittman,1,19,16,1,5.0,40.0,1.8,86.0,True
FL250594,Kimberly Hunter,1,2,2,3,2.0,75.0,2.5,60.0,True
FL250595,Daniel Martin,2,15,2,8,24.0,40.0,2.0,88.0,True
FL250596,Rachel Smith,1,1,1,2,37.0,40.0,0.0,70.0,False
FL250597,Michael Miller,2,16,13,3,3.0,50.0,1.3,77.0,True
FL250598,Willie Clark,2,9,7,4,18.0,75.0,0.0,80.0,False
FL250599,Jeremy Hernandez,2,17,14,10,6.0,40.0,3.6,,True
FL250600,Tina Shelton,1,21,7,9,17.0,,1.3,87.0,True
FL250601,Dr. Pamela Larson,1,15,2,1,1.0,75.0,2.7,93.0,True
FL250602,Ryan Ewing,2,6,2,5,39.0,100.0,1.5,88.0,True
FL250603,Mark Cochran,2,13,11,1,15.0,20.0,0.0,100.0,False
FL250604,Martha Carson,1,5,5,5,13.0,40.0,0.0,61.0,True
FL250605,Heather Jackson,1,13,11,4,17.0,100.0,3.0,79.0,False
FL250606,Megan Young,1,10,8,2,1.0,30.0,1.2,73.0,True
FL250607,Thomas Davis,2,1,1,7,16.0,,1.3,64.0,True
FL250608,Thomas Mooney,2,12,10,4,9.0,100.0,,,True
FL250609,Susan Smith,1,7,6,2,20.0,50.0,3.8,93.0,False
FL250610,Brianna Orr,1,15,2,1,29.0,30.0,3.8,68.0,False
FL250611,Dustin Smith,2,13,11,4,21.0,40.0,4.7,62.0,True
FL250612,Sarah White,1,1,1,2,28.0,40.0,1.1,,False
FL250613,Michael Davis,2,10,8,3,5.0,50.0,4.2,82.0,True
FL250614,Jennifer Phillips,1,13,11,4,0.0,,0.0,,False
FL250615,Dana Sanders,1,4,4,10,27.0,75.0,0.0,85.0,True
FL250616,Daniel Quinn,2,5,5,3,26.0,100.0,2.4,78.0,True
FL250617,Matthew Steele,2,7,6,1,19.0,40.0,0.0,86.0,True
FL250618,Michele Taylor,1,14,12,9,24.0,40.0,,88.0,False
FL250619,Ashley Hammond,1,18,15,9,7.0,30.0,3.3,68.0,True
FL250620,Nicole Taylor,1,2,2,4,13.0,100.0,1.4,97.0,True
FL250621,Casey Bush,2,17,14,7,2.0,75.0,1.7,91.0,False
FL250622,Samuel Patterson,2,20,7,10,37.0,30.0,4.8,,False
FL250623,Craig Dennis,2,8,2,3,1.0,,4.8,97.0,False
FL250624,Heidi Dixon,1,19,16,9,5.0,30.0,2.0,64.0,True
FL250625,David Bishop,2,21,7,1,1.0,50.0,2.8,87.0,False
FL250626,Laura Butler,1,2,2,6,2.0,100.0,0.0,86.0,False
FL250627,Denise Erickson,1,1,1,2,0.0,100.0,4.4,97.0,True
FL250628,Nicole Austin,1,16,13,1,0.0,30.0,4.9,73.0,False
FL250629,Summer Williams,1,18,15,5,0.0,75.0,2.3,60.0,True
FL250630,Angela Blackwell,1,7,6,4,41.0,40.0,4.9,66.0,True
FL250631,Thomas Wall,2,15,2,9,0.0,75.0,4.3,90.0,False
FL250632,Sarah Anderson,1,13,11,7,23.0,75.0,1.4,,False
FL250633,Christian Lane,2,16,13,2,0.0,100.0,,,False
FL250634,Todd Casey,2,4,4,10,4.0,,1.3,77.0,True
FL250635,David Martinez,2,19,16,7,4.0,75.0,2.3,79.0,True
FL250636,Donald Salas,2,21,7,10,13.0,40.0,3.6,83.0,False
FL250637,Emma Hicks,1,4,4,9,2.0,50.0,,64.0,False
FL250638,Alison Clark,1,2,2,8,25.0,100.0,1.3,80.0,False
FL250639,Andrew Barnes,2,20,7,2,18.0,30.0,1.1,90.0,False
FL250640,Gina Snyder,1,20,7,4,24.0,50.0,0.0,94.0,False
FL250641,David Watson,2,10,8,5,7.0,40.0,1.8,70.0,False
FL250642,John Davis,2,20,7,10,1.0,20.0,,75.0,True
FL250643,Joseph Thomas,2,2,2,1,17.0,75.0,3.3,69.0,True
FL250644,Dean Finley,2,3,3,3,4.0,30.0,4.2,,False
FL250645,Ashley Kemp,1,20,7,5,29.0,50.0,,79.0,True
FL250646,Kenneth Evans,2,18,15,6,2.0,100.0,3.8,71.0,True
FL250647,Brandon Newman,2,11,9,8,9.0,100.0,4.8,72.0,True
FL250648,Katie Hensley,1,3,3,9,10.0,100.0,4.3,93.0,False
FL250649,Joel Randolph,2,12,10,10,20.0,,4.8,82.0,True
FL250650,Andrew Scott,2,2,2,8,9.0,40.0,,60.0,False
FL250651,Zachary Ochoa,2,8,2,5,12.0,20.0,4.0,93.0,False
FL250652,John Arroyo,2,8,2,5,3.0,50.0,,,False
FL250653,Matthew Fernandez,2,21,7,4,13.0,30.0,0.0,74.0,False
FL250654,Benjamin Stark,2,3,3,7,4.0,40.0,2.3,73.0,True
FL250655,Tammy Greer,1,3,3,6,9.0,75.0,,96.0,False
FL250656,Cynthia Mckinney,1,15,2,3,14.0,30.0,3.8,66.0,True
FL250657,Wendy Rice,1,16,13,8,37.0,30.0,4.0,62.0,False
FL250658,Randy Bender,2,3,3,3,2.0,75.0,2.2,85.0,True
FL250659,Richard Dominguez,2,19,16,5,11.0,100.0,4.3,66.0,False
FL250660,Melissa Maldonado,1,15,2,8,19.0,20.0,0.0,87.0,False
FL250661,Leah Harris,1,6,2,10,9.0,20.0,0.0,68.0,True
FL250662,Lynn French,1,15,2,7,16.0,100.0,4.0,,True
FL250663,Angela Johnson,1,4,4,2,8.0,50.0,,,True
FL250664,Sarah Edwards,1,11,9,2,34.0,100.0,2.0,79.0,True
FL250665,Roy Collins,2,4,4,2,5.0,50.0,4.7,88.0,True
FL250666,Samantha Porter,1,15,2,4,14.0,50.0,3.6,81.0,True
FL250667,Juan Elliott,2,13,11,7,17.0,50.0,1.2,,False
FL250668,Elizabeth Phillips,1,20,7,5,10.0,,4.4,67.0,True
FL250669,Laura Evans,1,8,2,9,8.0,100.0,1.4,62.0,True
FL250670,Amanda Mitchell,1,15,2,9,1.0,30.0,3.2,87.0,False
FL250671,Sandra Williams,1,17,14,8,10.0,,3.8,98.0,True
FL250672,Eric Johnson,2,13,11,1,0.0,75.0,1.5,64.0,True
FL250673,Javier Hobbs,2,21,7,3,4.0,,2.8,71.0,True
FL250674,Jacob Jones,2,17,14,5,2.0,50.0,2.7,96.0,False
FL250675,Zachary Murphy,2,2,2,1,10.0,30.0,3.9,,True
FL250676,Joshua Owens,2,6,2,3,16.0,100.0,4.6,78.0,False
FL250677,Dawn Mitchell,1,21,7,8,27.0,20.0,2.2,70.0,False
FL250678,Regina Dunn,1,19,16,9,20.0,50.0,2.5,82.0,False
FL250679,Ernest Cole,2,16,13,5,10.0,,3.1,,False
FL250680,Hannah Sanders,1,13,11,3,0.0,20.0,,99.0,True
FL250681,Ellen Bowman,1,4,4,4,11.0,75.0,3.8,93.0,True
FL250682,Nancy Moore,1,19,16,1,1.0,100.0,4.8,75.0,True
FL250683,Joseph Wood,2,20,7,3,30.0,100.0,2.5,61.0,True
FL250684,Michael Harrell,2,15,2,1,7.0,30.0,0.0,97.0,False
FL250685,Connie Mcclain,1,10,8,7,0.0,100.0,1.7,95.0,True
FL250686,Matthew Baldwin,2,13,11,3,21.0,40.0,4.0,69.0,True
FL250687,Danielle Nelson,1,3,3,9,7.0,100.0,1.9,63.0,False
FL250688,Steven Moore,2,10,8,8,0.0,30.0,4.4,65.0,True
FL250689,Megan Hudson,1,19,16,2,0.0,,4.2,90.0,True
FL250690,Lisa Johnson,1,15,2,7,25.0,100.0,4.8,,False
FL250691,Tracy White,1,5,5,4,1.0,30.0,2.0,89.0,False
FL250692,Natalie Diaz,1,14,12,6,7.0,50.0,,80.0,True
FL250693,Amanda Mitchell,1,16,13,2,0.0,50.0,1.4,80.0,False
FL250694,Karen Scott,1,3,3,6,6.0,100.0,1.8,,False
FL250695,Mary Brown,1,18,15,3,35.0,,0.0,67.0,True
FL250696,Jon Jones,2,11,9,2,1.0,40.0,0.0,96.0,False
FL250697,Jason Phillips,2,21,7,3,0.0,20.0,0.0,90.0,False
FL250698,Eric Walsh,2,13,11,7,0.0,,3.9,62.0,False
FL250699,Carol Schneider,1,6,2,10,9.0,100.0,,72.0,False
FL250700,Juan Hines,2,19,16,7,18.0,50.0,4.4,83.0,True
FL250701,Martha Sweeney,1,7,6,3,22.0,100.0,4.4,70.0,False
FL250702,Jason Weaver,2,14,12,1,25.0,50.0,0.0,99.0,False
FL250703,Benjamin Stevens,2,19,16,6,6.0,50.0,1.4,97.0,True
FL250704,Daniel Lopez,2,15,2,10,10.0,20.0,3.2,77.0,True
FL250705,John Simpson,2,15,2,9,4.0,50.0,2.0,92.0,False
FL250706,Katrina Schultz,1,21,7,2,11.0,50.0,3.3,76.0,True
FL250707,Danielle Bell,1,5,5,3,1.0,50.0,0.0,97.0,True
FL250708,Jason Brady,2,17,14,3,35.0,100.0,2.3,,True
FL250709,Megan Bright,1,4,4,4,17.0,20.0,0.0,99.0,True
FL250710,David Griffin,2,14,12,5,12.0,30.0,2.6,,True
FL250711,Michael Clark,2,18,15,10,30.0,40.0,3.3,82.0,True
FL250712,Rebecca Barker,1,15,2,8,20.0,75.0,3.6,78.0,True
FL250713,Angela Smith,1,6,2,8,22.0,100.0,3.7,,False
FL250714,Christina Wright,1,8,2,5,32.0,20.0,3.4,,False
FL250715,Todd Turner,2,2,2,7,9.0,50.0,4.0,72.0,True
FL250716,Elizabeth Green,1,2,2,4,22.0,40.0,4.5,,True
FL250717,Alex Smith,2,13,11,10,1.0,75.0,4.3,,True
FL250718,Shane Hale,2,15,2,8,4.0,75.0,4.0,,True
FL250719,Kathy Grimes,1,12,10,2,8.0,50.0,1.6,,True
FL250720,David Cherry,2,10,8,6,3.0,100.0,0.0,,True
FL250721,Rachel Rogers,1,13,11,7,30.0,75.0,,94.0,False
FL250722,Travis Braun,2,21,7,1,11.0,20.0,4.9,,True
FL250723,Shawna Palmer,1,20,7,9,8.0,20.0,2.8,,True
FL250724,Bradley Gaines,2,7,6,7,11.0,30.0,3.6,77.0,True
FL250725,April Ford,1,15,2,8,9.0,50.0,,84.0,True
FL250726,James Gonzalez,2,21,7,4,7.0,40.0,4.5,79.0,True
FL250727,John Castillo,2,10,8,6,24.0,40.0,3.1,69.0,False
FL250728,Ian Hayes,2,16,13,7,0.0,40.0,4.9,68.0,True
FL250729,Christine Castro,1,13,11,7,21.0,30.0,4.2,73.0,True
FL250730,Jessica Chaney,1,20,7,1,0.0,75.0,3.2,74.0,True
FL250731,John Gray,2,14,12,4,7.0,20.0,,100.0,False
FL250732,Shane Booker,2,8,2,2,3.0,40.0,0.0,87.0,False
FL250733,Kyle Hall,2,3,3,4,21.0,100.0,2.2,79.0,False
FL250734,Ronald Munoz,2,11,9,1,0.0,30.0,1.5,68.0,False
FL250735,Christopher Long,2,3,3,6,0.0,100.0,,84.0,False
FL250736,Sandra Ali,1,16,13,7,17.0,50.0,3.1,71.0,False
FL250737,Jessica Garza,1,9,7,7,0.0,75.0,0.0,92.0,False
FL250738,Gregory Waters,2,4,4,5,6.0,100.0,,69.0,False
FL250739,Misty Adams,1,15,2,10,3.0,,0.0,71.0,True
FL250740,Megan Brown,1,3,3,1,3.0,,,77.0,False
FL250741,Gregory Brown,2,1,1,4,31.0,50.0,3.0,87.0,True
FL250742,Scott Alexander MD,2,15,2,4,5.0,30.0,2.6,76.0,False
FL250743,Eric Nguyen,2,11,9,5,37.0,75.0,4.1,,False
FL250744,Wendy Boyer,1,2,2,9,10.0,50.0,1.5,65.0,False
FL250745,Mark Clark,2,5,5,5,28.0,50.0,2.9,82.0,True
FL250746,Carl Kline,2,20,7,5,0.0,100.0,0.0,87.0,True
FL250747,Linda Williams,1,4,4,10,19.0,40.0,4.9,100.0,False
FL250748,Jason Edwards,2,17,14,1,9.0,50.0,3.0,71.0,False
FL250749,Madison Mcintosh,1,19,16,10,5.0,30.0,4.9,87.0,True
FL250750,Desiree Winters,1,13,11,1,0.0,30.0,4.6,70.0,False
FL250751,Ryan Taylor,2,4,4,5,21.0,100.0,2.2,83.0,True
FL250752,Patricia Scott,1,9,7,4,0.0,40.0,,74.0,True
FL250753,Erin Jimenez,1,15,2,1,0.0,30.0,1.1,86.0,True
FL250754,Anthony Krause,2,19,16,1,17.0,40.0,4.5,72.0,True
FL250755,Diane Dean,1,16,13,5,21.0,,2.5,73.0,True
FL250756,Stuart Mckinney,2,10,8,6,7.0,75.0,2.9,78.0,False
FL250757,Kellie Le,1,5,5,5,22.0,75.0,0.0,,True
FL250758,Lauren Henry,1,1,1,9,0.0,75.0,3.5,75.0,False
FL250759,Brandon Fox,2,2,2,5,1.0,40.0,4.5,96.0,False
FL250760,Richard Smith,2,13,11,2,5.0,40.0,1.7,61.0,True
FL250761,John White,2,19,16,9,40.0,50.0,4.6,100.0,True
FL250762,Gilbert Mcintyre,2,15,2,1,19.0,50.0,,82.0,True
FL250763,Christopher Sparks,2,3,3,3,12.0,,4.9,80.0,True
FL250764,Aaron Hicks,2,11,9,1,7.0,40.0,2.2,96.0,True
FL250765,Jose Patterson,2,5,5,1,4.0,20.0,,63.0,False
FL250766,Bryan Long,2,2,2,3,24.0,40.0,2.2,67.0,False
FL250767,Tammy Gomez,1,10,8,6,1.0,30.0,3.3,61.0,True
FL250768,Diana Raymond,1,3,3,2,28.0,30.0,4.9,77.0,False
FL250769,Jessica Armstrong,1,6,2,2,19.0,75.0,0.0,,True
FL250770,Amanda Martin,1,13,11,6,4.0,50.0,,84.0,False
FL250771,Anne Hamilton,1,7,6,4,20.0,100.0,,89.0,True
FL250772,Heather Curtis,1,14,12,2,19.0,30.0,4.0,90.0,True
FL250773,Tiffany Moses,1,6,2,8,1.0,20.0,4.8,87.0,False
FL250774,Jacqueline Moon,1,18,15,2,8.0,50.0,0.0,77.0,False
FL250775,James Campbell,2,21,7,9,3.0,30.0,1.6,72.0,True
FL250776,Melissa Vasquez,1,20,7,9,30.0,50.0,1.3,87.0,True
FL250777,Katherine Carlson,1,19,16,1,3.0,40.0,4.1,89.0,True
FL250778,Adam Clay,2,7,6,4,19.0,40.0,1.5,87.0,False
FL250779,Amy Combs,1,14,12,2,11.0,40.0,4.3,76.0,True
FL250780,Anthony Case,2,2,2,10,26.0,50.0,1.6,100.0,True
FL250781,Kimberly Brown,1,17,14,2,10.0,100.0,3.7,94.0,True
FL250782,Joshua Holloway,2,6,2,8,17.0,50.0,1.4,,True
FL250783,Cynthia Walton,1,9,7,1,9.0,100.0,4.5,83.0,True
FL250784,Shawn Delgado,2,19,16,6,0.0,40.0,3.7,74.0,False
FL250785,Jeremy Smith,2,8,2,9,5.0,75.0,1.1,92.0,False
FL250786,Marc Ortiz,2,9,7,2,15.0,,3.7,66.0,False
FL250787,Michelle Gregory,1,12,10,10,3.0,50.0,3.2,74.0,True
FL250788,Melanie Gay,1,1,1,7,1.0,30.0,5.0,97.0,False
FL250789,Brittany Lambert,1,17,14,3,13.0,30.0,0.0,77.0,True
FL250790,Mary Hernandez,1,20,7,7,6.0,,3.5,86.0,False
FL250791,Jonathan Jones,2,6,2,8,4.0,50.0,3.1,95.0,False
FL250792,Gina Williams,1,12,10,8,7.0,,3.9,72.0,False
FL250793,Kelly Lawson,1,21,7,5,1.0,,3.5,71.0,False
FL250794,Keith Smith,2,2,2,6,5.0,100.0,2.5,93.0,True
FL250795,Christopher Hunter,2,8,2,9,29.0,40.0,3.1,,True
FL250796,Dwayne Parks,2,14,12,8,12.0,100.0,4.7,87.0,True
FL250797,Mary Hall,1,15,2,9,4.0,,1.9,73.0,False
FL250798,Jake Gilmore,2,4,4,4,12.0,,1.6,74.0,True
FL250799,Mark Lopez,2,15,2,9,3.0,20.0,2.5,62.0,False
FL250800,Dana Rice,1,16,13,6,15.0,20.0,3.5,98.0,True
FL250801,Beth Young,1,21,7,2,15.0,50.0,,80.0,False
FL250802,Ryan Powell,2,7,6,3,13.0,20.0,1.2,69.0,True
FL250803,Amanda Fowler,1,21,7,1,20.0,30.0,,90.0,False
FL250804,Lindsay Rivera,1,8,2,10,30.0,75.0,,74.0,True
FL250805,Mark Ward,2,3,3,5,4.0,50.0,4.5,98.0,False
FL250806,Amanda Smith,1,5,5,3,0.0,20.0,,84.0,True
FL250807,Emily Brown,1,14,12,4,3.0,20.0,5.0,75.0,True
FL250808,Dwayne Cardenas,2,3,3,2,23.0,75.0,3.9,,True
FL250809,Dr. Rhonda Hernandez,1,2,2,8,5.0,100.0,1.8,97.0,True
FL250810,Melody Barker,1,14,12,4,28.0,30.0,4.2,,True
FL250811,Russell Carpenter,2,17,14,5,0.0,20.0,2.6,64.0,False
FL250812,Richard Hill,2,14,12,6,30.0,30.0,2.0,68.0,True
FL250813,Lindsay Potts,1,14,12,3,20.0,75.0,2.7,67.0,True
FL250814,Michelle Campbell,1,2,2,2,0.0,30.0,2.3,79.0,False
FL250815,Alan Williams,2,13,11,7,4.0,40.0,3.8,100.0,True
FL250816,Robin Hinton,1,8,2,7,10.0,40.0,,66.0,False
FL250817,Brian Holland,2,9,7,3,24.0,75.0,4.6,97.0,False
FL250818,Adam Stone,2,5,5,10,21.0,100.0,3.4,62.0,False
FL250819,Curtis Lambert,2,19,16,6,2.0,20.0,,,False
FL250820,Alexandra Sims,1,11,9,1,14.0,75.0,0.0,79.0,True
FL250821,Brenda Spencer,1,19,16,2,15.0,40.0,3.9,86.0,False
FL250822,Joshua Bush,2,2,2,7,11.0,30.0,4.2,65.0,False
FL250823,Erin Martin,1,10,8,5,6.0,20.0,,99.0,True
FL250824,Alexander Hogan,2,17,14,3,2.0,100.0,3.6,85.0,False
FL250825,William Harris,2,13,11,5,1.0,50.0,,81.0,True
FL250826,Michael Mcmahon,2,19,16,6,2.0,40.0,2.1,64.0,False
FL250827,Michael Watson,2,9,7,10,2.0,20.0,3.9,84.0,False
FL250828,Lori Perez,1,14,12,10,2.0,40.0,0.0,66.0,True
FL250829,Lindsay Le,1,13,11,4,12.0,75.0,0.0,75.0,False
FL250830,Scott Long,2,21,7,5,28.0,30.0,1.8,,True
FL250831,Diana Ferguson,1,5,5,5,4.0,20.0,1.1,63.0,True
FL250832,Joseph Miller,2,21,7,1,3.0,20.0,1.6,70.0,True
FL250833,Julia Reid,1,17,14,10,4.0,30.0,3.1,90.0,True
FL250834,Samantha Matthews,1,1,1,9,1.0,50.0,3.4,79.0,True
FL250835,Brian Bailey,2,3,3,5,8.0,40.0,3.1,60.0,False
FL250836,Toni Hinton,1,8,2,9,11.0,75.0,2.3,,False
FL250837,Robin Ortiz,1,4,4,5,8.0,40.0,,80.0,False
FL250838,Adam Griffith,2,13,11,4,32.0,50.0,3.2,88.0,False
FL250839,Daniel Roberson,2,11,9,7,4.0,30.0,0.0,80.0,False
FL250840,Dale Haynes,2,21,7,8,33.0,30.0,3.3,71.0,True
FL250841,Emily Scott,1,18,15,2,14.0,,1.1,76.0,True
FL250842,David Brown,2,6,2,7,6.0,30.0,4.6,93.0,True
FL250843,Stephanie Guzman,1,7,6,1,5.0,30.0,,,False
FL250844,Maxwell Johnson,2,5,5,8,3.0,75.0,,83.0,False
FL250845,Reginald Stephens,2,5,5,2,17.0,100.0,0.0,71.0,False
FL250846,Justin Jones,2,1,1,8,9.0,20.0,0.0,96.0,True
FL250847,Kristine Garcia,1,16,13,3,16.0,40.0,0.0,,False
FL250848,John Nguyen,2,14,12,5,3.0,75.0,3.4,65.0,True
FL250849,Anna Fleming,1,20,7,6,2.0,20.0,1.3,,False
FL250850,Linda Williamson,1,16,13,8,16.0,50.0,1.9,71.0,False
FL250851,Roy Wilson,2,16,13,4,6.0,50.0,1.4,63.0,True
FL250852,Jennifer Pierce,1,11,9,7,10.0,100.0,4.3,,False
FL250853,Jason Johnson,2,21,7,3,16.0,30.0,,97.0,False
FL250854,Jasmine Lane,1,7,6,7,0.0,100.0,4.3,,False
FL250855,Evan Soto,2,10,8,5,13.0,75.0,0.0,,True
FL250856,Kevin Serrano,2,7,6,9,12.0,,1.3,85.0,False
FL250857,Nathaniel Benson,2,2,2,8,13.0,50.0,2.9,82.0,False
FL250858,Deanna Miles,1,20,7,3,22.0,40.0,4.3,95.0,False
FL250859,Beverly Roy,1,6,2,3,1.0,,2.7,94.0,False
FL250860,Heather Saunders,1,20,7,4,0.0,50.0,4.2,96.0,True
FL250861,Nicholas Guerrero,2,15,2,1,12.0,40.0,0.0,63.0,True
FL250862,Christopher Johnson,2,10,8,5,0.0,20.0,2.2,60.0,False
FL250863,Steven Flowers,2,17,14,10,12.0,50.0,4.7,77.0,True
FL250864,Marvin Woods III,2,19,16,9,0.0,30.0,0.0,63.0,False
FL250865,Michelle Cook,1,12,10,2,18.0,20.0,2.5,61.0,True
FL250866,Logan Zamora,2,14,12,2,2.0,50.0,3.9,88.0,True
FL250867,Casey Roberts,2,7,6,8,0.0,100.0,1.2,69.0,True
FL250868,Jerry Price,2,5,5,6,2.0,75.0,4.5,,True
FL250869,Kelly Ellis,1,19,16,7,35.0,40.0,2.7,82.0,True
FL250870,Caleb Guerra,2,20,7,2,21.0,75.0,2.0,96.0,False
FL250871,Samantha Norman,1,14,12,9,3.0,40.0,1.7,71.0,False
FL250872,Sarah Clarke,1,3,3,2,24.0,75.0,3.0,77.0,True
FL250873,Aaron Blair,2,21,7,1,0.0,75.0,2.1,,True
FL250874,Courtney Burton,1,13,11,7,0.0,75.0,1.5,73.0,True
FL250875,Gerald Taylor,2,14,12,4,2.0,30.0,1.7,60.0,True
FL250876,Mary Ward,1,21,7,5,0.0,,1.2,67.0,True
FL250877,Mrs. Lisa Beard DVM,1,11,9,2,6.0,75.0,0.0,80.0,False
FL250878,Larry Wallace,2,2,2,3,21.0,20.0,,,True
FL250879,Jeremiah Thompson,2,6,2,7,24.0,40.0,3.3,87.0,True
FL250880,Mrs. Jessica Williams DVM,1,13,11,5,6.0,20.0,2.1,,False
FL250881,Martin Moreno,2,4,4,4,32.0,50.0,,,True
FL250882,Yolanda Proctor,1,17,14,2,31.0,100.0,2.9,89.0,True
FL250883,Allen Turner,2,13,11,5,0.0,20.0,3.3,93.0,True
FL250884,Beth Huff,1,15,2,8,24.0,100.0,4.8,84.0,True
FL250885,John Mckinney,2,5,5,9,0.0,100.0,4.5,78.0,True
FL250886,Sarah Ho,1,4,4,7,6.0,50.0,3.1,90.0,False
FL250887,Lindsey Wang,1,8,2,9,11.0,,4.9,88.0,True
FL250888,Margaret Schwartz,1,5,5,6,0.0,20.0,0.0,76.0,False
FL250889,Kyle Ray,2,1,1,4,14.0,75.0,1.5,62.0,False
FL250890,Isaac Hebert,2,10,8,9,2.0,75.0,2.4,,False
FL250891,Michele Jones,1,14,12,9,2.0,100.0,4.5,75.0,False
FL250892,Austin Allen,2,1,1,7,11.0,100.0,2.5,80.0,True
FL250893,Haley Castro,1,3,3,3,13.0,30.0,3.3,63.0,True
FL250894,David Armstrong,2,11,9,1,7.0,75.0,3.0,84.0,True
FL250895,Wendy Mitchell,1,15,2,8,25.0,75.0,2.7,78.0,True
FL250896,Anthony Hernandez,2,15,2,3,20.0,20.0,1.2,74.0,False
FL250897,Erica Johnson,1,6,2,7,8.0,50.0,4.3,90.0,False
FL250898,Randall Barrett,2,4,4,5,6.0,40.0,1.3,,False
FL250899,Nathan Huff,2,3,3,7,3.0,50.0,4.6,,True
FL250900,Robin Walsh,1,5,5,7,18.0,50.0,2.1,75.0,False
FL250901,Yvonne Robinson,1,6,2,1,18.0,40.0,4.5,72.0,False
FL250902,Kathleen Hendrix,1,14,12,7,3.0,40.0,4.4,92.0,True
FL250903,Jennifer Baker,1,14,12,3,32.0,20.0,0.0,,False
FL250904,Kim Martinez,1,9,7,2,19.0,20.0,1.3,,False
FL250905,Andrew Little,2,11,9,6,2.0,50.0,2.6,86.0,False
FL250906,Kelly Shelton,1,8,2,1,0.0,,,85.0,True
FL250907,Steven Duncan,2,9,7,10,13.0,40.0,1.2,62.0,False
FL250908,Kristen Haney,1,13,11,5,2.0,30.0,3.1,91.0,True
FL250909,Kathy Reese,1,7,6,4,11.0,75.0,2.3,80.0,True
FL250910,Steven Murphy,2,16,13,8,17.0,100.0,4.0,72.0,False
FL250911,William Hartman,2,11,9,1,10.0,75.0,1.9,,True
FL250912,Sonya Haley,1,18,15,10,26.0,75.0,2.4,,True
FL250913,Robert Evans,2,18,15,6,0.0,30.0,,74.0,True
FL250914,Patricia Richardson,1,18,15,2,8.0,50.0,3.7,82.0,True
FL250915,Carolyn Lopez,1,13,11,10,22.0,100.0,1.1,85.0,False
FL250916,Kyle Burns,2,7,6,6,8.0,75.0,2.3,68.0,True
FL250917,Margaret Garcia,1,15,2,4,22.0,40.0,3.7,99.0,True
FL250918,Brittany Barker,1,1,1,3,14.0,30.0,1.9,62.0,False
FL250919,Paul Campbell,2,18,15,7,6.0,30.0,1.5,,False
FL250920,Amy Morrow,1,7,6,3,14.0,30.0,0.0,83.0,False
FL250921,Amy Fitzgerald,1,6,2,4,2.0,30.0,3.6,92.0,True
FL250922,Anita Becker,1,21,7,9,4.0,75.0,2.1,85.0,True
FL250923,Mrs. Amy Brooks,1,13,11,5,4.0,75.0,2.9,,False
FL250924,Lori Marshall,1,13,11,2,24.0,100.0,3.6,,True
FL250925,Jennifer Miller,1,12,10,1,29.0,30.0,3.3,89.0,True
FL250926,Thomas Young,2,18,15,7,13.0,,2.5,81.0,True
FL250927,Zachary Larsen,2,18,15,9,1.0,100.0,3.7,61.0,True
FL250928,Valerie Gutierrez,1,13,11,10,0.0,30.0,4.6,,True
FL250929,Daniel Parker,2,14,12,1,15.0,40.0,0.0,92.0,True
FL250930,Nicole Bennett,1,16,13,10,2.0,30.0,2.0,96.0,False
FL250931,Lauren Lowery,1,7,6,4,14.0,100.0,1.7,66.0,False
FL250932,Alexander Woodward,2,15,2,3,0.0,100.0,3.0,64.0,False
FL250933,Anthony Walter,2,2,2,5,15.0,40.0,3.4,100.0,False
FL250934,Valerie Finley,1,5,5,1,6.0,40.0,3.2,95.0,True
FL250935,Deborah Kelley,1,20,7,2,11.0,,2.8,91.0,True
FL250936,Kristina Miller,1,14,12,9,8.0,20.0,4.1,82.0,True
FL250937,Anne Hampton,1,4,4,5,3.0,20.0,0.0,95.0,True
FL250938,Sandra Henry,1,1,1,8,0.0,,0.0,95.0,True
FL250939,Tony Hester,2,13,11,2,7.0,30.0,,69.0,True
FL250940,Nathan Davis,2,21,7,3,6.0,40.0,,91.0,True
FL250941,Erica Jackson,1,5,5,2,9.0,30.0,2.7,,True
FL250942,Nancy Glover,1,12,10,5,15.0,40.0,4.0,62.0,True
FL250943,Richard Sanchez,2,15,2,6,20.0,20.0,2.5,81.0,False
FL250944,Savannah Reid,1,12,10,6,16.0,75.0,0.0,94.0,False
FL250945,Robert Salazar,2,17,14,9,22.0,30.0,,95.0,False
FL250946,Hector Greer,2,7,6,3,2.0,,1.6,100.0,False
FL250947,Thomas Jackson,2,20,7,5,1.0,75.0,0.0,94.0,True
FL250948,Tina Clark,1,7,6,2,8.0,30.0,4.0,92.0,True
FL250949,Heather Brown,1,16,13,9,8.0,50.0,2.5,95.0,True
FL250950,John Weaver,2,12,10,9,7.0,20.0,3.8,97.0,True
FL250951,Bradley Harris,2,8,2,9,8.0,50.0,4.8,75.0,False
FL250952,Cassandra Macdonald,1,20,7,6,6.0,40.0,2.0,78.0,True
FL250953,Matthew White,2,7,6,9,16.0,100.0,3.3,65.0,False
FL250954,Miss Kimberly Marshall,1,8,2,6,40.0,40.0,2.5,70.0,True
FL250955,Laura Thompson,1,15,2,1,6.0,100.0,,78.0,True
FL250956,Nathan Soto,2,2,2,4,3.0,50.0,,96.0,True
FL250957,Rhonda Hines,1,2,2,5,5.0,100.0,0.0,80.0,True
FL250958,Gabrielle Bowman,1,7,6,7,12.0,20.0,1.6,64.0,True
FL250959,Julian Edwards,2,16,13,7,33.0,50.0,0.0,92.0,False
FL250960,Nicholas Scott,2,17,14,1,1.0,100.0,0.0,,True
FL250961,Daniel Green,2,4,4,9,27.0,20.0,4.7,71.0,True
FL250962,Catherine Johnston,1,3,3,7,1.0,100.0,0.0,95.0,True
FL250963,Brenda Koch,1,12,10,4,0.0,20.0,4.1,86.0,False
FL250964,Mr. Robert Meza,2,3,3,5,2.0,30.0,1.3,77.0,True
FL250965,Latoya Brown,1,8,2,7,40.0,100.0,2.6,,True
FL250966,David Osborne III,2,4,4,8,4.0,20.0,2.7,72.0,True
FL250967,David Hooper,2,13,11,10,9.0,40.0,,70.0,False
FL250968,Sarah Miller,1,8,2,8,13.0,30.0,3.6,86.0,False
FL250969,Lisa Werner MD,1,11,9,3,1.0,75.0,3.0,,True
FL250970,Eric Jimenez,2,11,9,4,1.0,,0.0,82.0,False
FL250971,Jay Bush,2,16,13,2,3.0,40.0,0.0,81.0,True
FL250972,Johnny Rice,2,16,13,3,1.0,40.0,3.1,76.0,True
FL250973,Matthew Strong,2,5,5,1,3.0,30.0,3.9,90.0,False
FL250974,Mark Chandler,2,13,11,9,14.0,30.0,1.6,67.0,True
FL250975,Crystal Brown,1,21,7,1,2.0,,1.8,61.0,False
FL250976,Timothy Barton,2,13,11,10,27.0,100.0,3.7,73.0,False
FL250977,Lisa Hickman,1,14,12,9,7.0,75.0,,,False
FL250978,Alan Mendoza,2,8,2,8,29.0,75.0,4.1,90.0,False
FL250979,Jason Sanders,2,19,16,1,5.0,75.0,1.4,64.0,True
FL250980,Charles Dean,2,9,7,4,2.0,100.0,1.1,63.0,True
FL250981,Blake Newton,2,15,2,6,18.0,40.0,3.9,,True
FL250982,David Gonzalez,2,12,10,8,8.0,20.0,3.6,67.0,False
FL250983,Cindy Williams,1,18,15,3,0.0,40.0,0.0,97.0,False
FL250984,Laura Wong DDS,1,1,1,6,16.0,75.0,4.5,69.0,False
FL250985,Robert Moran,2,18,15,4,8.0,50.0,,73.0,True
FL250986,Bradley Wu,2,21,7,1,39.0,20.0,1.4,86.0,True
FL250987,Daniel Thomas,2,17,14,10,0.0,50.0,0.0,81.0,True
FL250988,Michelle Peterson,1,13,11,3,16.0,100.0,4.3,74.0,True
FL250989,Seth Thomas,2,6,2,1,4.0,100.0,2.2,64.0,True
FL250990,Evan Ramos,2,2,2,3,4.0,75.0,3.2,76.0,False
FL250991,Michelle Solis,1,9,7,5,2.0,100.0,3.7,73.0,True
FL250992,Charlotte Taylor,1,3,3,7,37.0,50.0,4.9,69.0,False
FL250993,Sandra Preston,1,5,5,2,32.0,75.0,3.2,79.0,False
FL250994,Jim Weiss,2,14,12,2,8.0,20.0,2.2,89.0,True
FL250995,Jennifer Hinton,1,18,15,9,8.0,30.0,3.9,95.0,True
FL250996,Albert Wilcox,2,7,6,9,13.0,100.0,0.0,68.0,False
FL250997,Cheryl Norris,1,3,3,1,6.0,40.0,2.8,82.0,False
FL250998,Kathy Watkins,1,10,8,6,15.0,75.0,,94.0,False
FL250999,John Obrien,2,14,12,10,22.0,100.0,2.8,97.0,True
FL251000,Dawn Green,1,20,7,7,18.0,20.0,1.7,72.0,True
